Wall time,Step,Value
1710194170.1387696,800,80.97633361816406
