Wall time,Step,Value
1709227044.3944848,400,16.83246421813965
