Wall time,Step,Value
1709226033.795949,4000,185.3745574951172
