Wall time,Step,Value
1709227118.154299,400,19.101388931274414
